text,sdg
Government launches poverty reduction schemes in rural areas 205,1
Government launches poverty reduction schemes in rural areas 325,1
Government launches poverty reduction schemes in rural areas 418,1
Government launches poverty reduction schemes in rural areas 193,1
Government launches poverty reduction schemes in rural areas 957,1
Government launches poverty reduction schemes in rural areas 420,1
Government launches poverty reduction schemes in rural areas 498,1
Government launches poverty reduction schemes in rural areas 313,1
Government launches poverty reduction schemes in rural areas 725,1
Government launches poverty reduction schemes in rural areas 967,1
Government launches poverty reduction schemes in rural areas 258,1
Government launches poverty reduction schemes in rural areas 902,1
Government launches poverty reduction schemes in rural areas 949,1
Government launches poverty reduction schemes in rural areas 682,1
Government launches poverty reduction schemes in rural areas 581,1
Government launches poverty reduction schemes in rural areas 457,1
Government launches poverty reduction schemes in rural areas 908,1
Government launches poverty reduction schemes in rural areas 640,1
Government launches poverty reduction schemes in rural areas 103,1
Government launches poverty reduction schemes in rural areas 788,1
Government launches poverty reduction schemes in rural areas 514,1
Government launches poverty reduction schemes in rural areas 531,1
Government launches poverty reduction schemes in rural areas 605,1
Government launches poverty reduction schemes in rural areas 684,1
Government launches poverty reduction schemes in rural areas 355,1
Government launches poverty reduction schemes in rural areas 137,1
Government launches poverty reduction schemes in rural areas 850,1
Government launches poverty reduction schemes in rural areas 860,1
Government launches poverty reduction schemes in rural areas 142,1
Government launches poverty reduction schemes in rural areas 656,1
Government launches poverty reduction schemes in rural areas 247,1
Government launches poverty reduction schemes in rural areas 303,1
Government launches poverty reduction schemes in rural areas 271,1
Government launches poverty reduction schemes in rural areas 573,1
Government launches poverty reduction schemes in rural areas 870,1
Government launches poverty reduction schemes in rural areas 228,1
Government launches poverty reduction schemes in rural areas 717,1
Government launches poverty reduction schemes in rural areas 163,1
Government launches poverty reduction schemes in rural areas 722,1
Government launches poverty reduction schemes in rural areas 52,1
Government launches poverty reduction schemes in rural areas 703,1
Government launches poverty reduction schemes in rural areas 472,1
Government launches poverty reduction schemes in rural areas 51,1
Government launches poverty reduction schemes in rural areas 543,1
Government launches poverty reduction schemes in rural areas 402,1
Government launches poverty reduction schemes in rural areas 335,1
Government launches poverty reduction schemes in rural areas 868,1
Government launches poverty reduction schemes in rural areas 218,1
Government launches poverty reduction schemes in rural areas 269,1
Government launches poverty reduction schemes in rural areas 248,1
Government launches poverty reduction schemes in rural areas 812,1
Government launches poverty reduction schemes in rural areas 40,1
Government launches poverty reduction schemes in rural areas 917,1
Government launches poverty reduction schemes in rural areas 695,1
Government launches poverty reduction schemes in rural areas 796,1
Government launches poverty reduction schemes in rural areas 794,1
Government launches poverty reduction schemes in rural areas 105,1
Government launches poverty reduction schemes in rural areas 872,1
Government launches poverty reduction schemes in rural areas 193,1
Government launches poverty reduction schemes in rural areas 289,1
Government launches poverty reduction schemes in rural areas 403,1
Government launches poverty reduction schemes in rural areas 171,1
Government launches poverty reduction schemes in rural areas 581,1
Government launches poverty reduction schemes in rural areas 107,1
Government launches poverty reduction schemes in rural areas 925,1
Government launches poverty reduction schemes in rural areas 155,1
Government launches poverty reduction schemes in rural areas 543,1
Government launches poverty reduction schemes in rural areas 265,1
Government launches poverty reduction schemes in rural areas 671,1
Government launches poverty reduction schemes in rural areas 454,1
Government launches poverty reduction schemes in rural areas 106,1
Government launches poverty reduction schemes in rural areas 618,1
Government launches poverty reduction schemes in rural areas 308,1
Government launches poverty reduction schemes in rural areas 928,1
Government launches poverty reduction schemes in rural areas 645,1
Government launches poverty reduction schemes in rural areas 171,1
Government launches poverty reduction schemes in rural areas 869,1
Government launches poverty reduction schemes in rural areas 733,1
Government launches poverty reduction schemes in rural areas 603,1
Government launches poverty reduction schemes in rural areas 446,1
New agricultural reforms aim to end hunger crisis 906,2
New agricultural reforms aim to end hunger crisis 805,2
New agricultural reforms aim to end hunger crisis 787,2
New agricultural reforms aim to end hunger crisis 607,2
New agricultural reforms aim to end hunger crisis 176,2
New agricultural reforms aim to end hunger crisis 828,2
New agricultural reforms aim to end hunger crisis 183,2
New agricultural reforms aim to end hunger crisis 769,2
New agricultural reforms aim to end hunger crisis 36,2
New agricultural reforms aim to end hunger crisis 680,2
New agricultural reforms aim to end hunger crisis 915,2
New agricultural reforms aim to end hunger crisis 880,2
New agricultural reforms aim to end hunger crisis 454,2
New agricultural reforms aim to end hunger crisis 565,2
New agricultural reforms aim to end hunger crisis 974,2
New agricultural reforms aim to end hunger crisis 721,2
New agricultural reforms aim to end hunger crisis 793,2
New agricultural reforms aim to end hunger crisis 217,2
New agricultural reforms aim to end hunger crisis 747,2
New agricultural reforms aim to end hunger crisis 424,2
New agricultural reforms aim to end hunger crisis 194,2
New agricultural reforms aim to end hunger crisis 416,2
New agricultural reforms aim to end hunger crisis 643,2
New agricultural reforms aim to end hunger crisis 458,2
New agricultural reforms aim to end hunger crisis 458,2
New agricultural reforms aim to end hunger crisis 498,2
New agricultural reforms aim to end hunger crisis 833,2
New agricultural reforms aim to end hunger crisis 18,2
New agricultural reforms aim to end hunger crisis 513,2
New agricultural reforms aim to end hunger crisis 810,2
New agricultural reforms aim to end hunger crisis 104,2
New agricultural reforms aim to end hunger crisis 360,2
New agricultural reforms aim to end hunger crisis 8,2
New agricultural reforms aim to end hunger crisis 823,2
New agricultural reforms aim to end hunger crisis 182,2
New agricultural reforms aim to end hunger crisis 341,2
New agricultural reforms aim to end hunger crisis 604,2
New agricultural reforms aim to end hunger crisis 302,2
New agricultural reforms aim to end hunger crisis 732,2
New agricultural reforms aim to end hunger crisis 350,2
New agricultural reforms aim to end hunger crisis 406,2
New agricultural reforms aim to end hunger crisis 338,2
New agricultural reforms aim to end hunger crisis 540,2
New agricultural reforms aim to end hunger crisis 517,2
New agricultural reforms aim to end hunger crisis 193,2
New agricultural reforms aim to end hunger crisis 318,2
New agricultural reforms aim to end hunger crisis 465,2
New agricultural reforms aim to end hunger crisis 896,2
New agricultural reforms aim to end hunger crisis 557,2
New agricultural reforms aim to end hunger crisis 338,2
New agricultural reforms aim to end hunger crisis 230,2
New agricultural reforms aim to end hunger crisis 582,2
New agricultural reforms aim to end hunger crisis 397,2
New agricultural reforms aim to end hunger crisis 562,2
New agricultural reforms aim to end hunger crisis 297,2
New agricultural reforms aim to end hunger crisis 256,2
New agricultural reforms aim to end hunger crisis 805,2
New agricultural reforms aim to end hunger crisis 51,2
New agricultural reforms aim to end hunger crisis 2,2
New agricultural reforms aim to end hunger crisis 860,2
New agricultural reforms aim to end hunger crisis 691,2
New agricultural reforms aim to end hunger crisis 725,2
New agricultural reforms aim to end hunger crisis 140,2
New agricultural reforms aim to end hunger crisis 623,2
New agricultural reforms aim to end hunger crisis 632,2
New agricultural reforms aim to end hunger crisis 940,2
New agricultural reforms aim to end hunger crisis 79,2
New agricultural reforms aim to end hunger crisis 446,2
New agricultural reforms aim to end hunger crisis 757,2
New agricultural reforms aim to end hunger crisis 542,2
New agricultural reforms aim to end hunger crisis 288,2
New agricultural reforms aim to end hunger crisis 210,2
New agricultural reforms aim to end hunger crisis 175,2
New agricultural reforms aim to end hunger crisis 556,2
New agricultural reforms aim to end hunger crisis 771,2
New agricultural reforms aim to end hunger crisis 682,2
New agricultural reforms aim to end hunger crisis 805,2
New agricultural reforms aim to end hunger crisis 866,2
New agricultural reforms aim to end hunger crisis 537,2
New agricultural reforms aim to end hunger crisis 538,2
Health ministry expands vaccination coverage nationwide 232,3
Health ministry expands vaccination coverage nationwide 129,3
Health ministry expands vaccination coverage nationwide 339,3
Health ministry expands vaccination coverage nationwide 488,3
Health ministry expands vaccination coverage nationwide 511,3
Health ministry expands vaccination coverage nationwide 450,3
Health ministry expands vaccination coverage nationwide 518,3
Health ministry expands vaccination coverage nationwide 211,3
Health ministry expands vaccination coverage nationwide 396,3
Health ministry expands vaccination coverage nationwide 799,3
Health ministry expands vaccination coverage nationwide 994,3
Health ministry expands vaccination coverage nationwide 763,3
Health ministry expands vaccination coverage nationwide 369,3
Health ministry expands vaccination coverage nationwide 731,3
Health ministry expands vaccination coverage nationwide 888,3
Health ministry expands vaccination coverage nationwide 425,3
Health ministry expands vaccination coverage nationwide 883,3
Health ministry expands vaccination coverage nationwide 680,3
Health ministry expands vaccination coverage nationwide 255,3
Health ministry expands vaccination coverage nationwide 481,3
Health ministry expands vaccination coverage nationwide 757,3
Health ministry expands vaccination coverage nationwide 280,3
Health ministry expands vaccination coverage nationwide 693,3
Health ministry expands vaccination coverage nationwide 194,3
Health ministry expands vaccination coverage nationwide 641,3
Health ministry expands vaccination coverage nationwide 596,3
Health ministry expands vaccination coverage nationwide 313,3
Health ministry expands vaccination coverage nationwide 869,3
Health ministry expands vaccination coverage nationwide 433,3
Health ministry expands vaccination coverage nationwide 933,3
Health ministry expands vaccination coverage nationwide 388,3
Health ministry expands vaccination coverage nationwide 279,3
Health ministry expands vaccination coverage nationwide 256,3
Health ministry expands vaccination coverage nationwide 244,3
Health ministry expands vaccination coverage nationwide 632,3
Health ministry expands vaccination coverage nationwide 263,3
Health ministry expands vaccination coverage nationwide 123,3
Health ministry expands vaccination coverage nationwide 982,3
Health ministry expands vaccination coverage nationwide 187,3
Health ministry expands vaccination coverage nationwide 498,3
Health ministry expands vaccination coverage nationwide 390,3
Health ministry expands vaccination coverage nationwide 265,3
Health ministry expands vaccination coverage nationwide 798,3
Health ministry expands vaccination coverage nationwide 392,3
Health ministry expands vaccination coverage nationwide 616,3
Health ministry expands vaccination coverage nationwide 120,3
Health ministry expands vaccination coverage nationwide 651,3
Health ministry expands vaccination coverage nationwide 508,3
Health ministry expands vaccination coverage nationwide 394,3
Health ministry expands vaccination coverage nationwide 638,3
Health ministry expands vaccination coverage nationwide 286,3
Health ministry expands vaccination coverage nationwide 693,3
Health ministry expands vaccination coverage nationwide 996,3
Health ministry expands vaccination coverage nationwide 195,3
Health ministry expands vaccination coverage nationwide 175,3
Health ministry expands vaccination coverage nationwide 476,3
Health ministry expands vaccination coverage nationwide 500,3
Health ministry expands vaccination coverage nationwide 999,3
Health ministry expands vaccination coverage nationwide 70,3
Health ministry expands vaccination coverage nationwide 624,3
Health ministry expands vaccination coverage nationwide 606,3
Health ministry expands vaccination coverage nationwide 351,3
Health ministry expands vaccination coverage nationwide 24,3
Health ministry expands vaccination coverage nationwide 144,3
Health ministry expands vaccination coverage nationwide 333,3
Health ministry expands vaccination coverage nationwide 793,3
Health ministry expands vaccination coverage nationwide 444,3
Health ministry expands vaccination coverage nationwide 536,3
Health ministry expands vaccination coverage nationwide 87,3
Health ministry expands vaccination coverage nationwide 947,3
Health ministry expands vaccination coverage nationwide 137,3
Health ministry expands vaccination coverage nationwide 54,3
Health ministry expands vaccination coverage nationwide 201,3
Health ministry expands vaccination coverage nationwide 696,3
Health ministry expands vaccination coverage nationwide 678,3
Health ministry expands vaccination coverage nationwide 303,3
Health ministry expands vaccination coverage nationwide 514,3
Health ministry expands vaccination coverage nationwide 910,3
Health ministry expands vaccination coverage nationwide 390,3
Health ministry expands vaccination coverage nationwide 643,3
Education policy focuses on digital learning in schools 190,4
Education policy focuses on digital learning in schools 893,4
Education policy focuses on digital learning in schools 522,4
Education policy focuses on digital learning in schools 988,4
Education policy focuses on digital learning in schools 483,4
Education policy focuses on digital learning in schools 668,4
Education policy focuses on digital learning in schools 814,4
Education policy focuses on digital learning in schools 594,4
Education policy focuses on digital learning in schools 674,4
Education policy focuses on digital learning in schools 579,4
Education policy focuses on digital learning in schools 377,4
Education policy focuses on digital learning in schools 250,4
Education policy focuses on digital learning in schools 496,4
Education policy focuses on digital learning in schools 87,4
Education policy focuses on digital learning in schools 612,4
Education policy focuses on digital learning in schools 270,4
Education policy focuses on digital learning in schools 161,4
Education policy focuses on digital learning in schools 67,4
Education policy focuses on digital learning in schools 584,4
Education policy focuses on digital learning in schools 881,4
Education policy focuses on digital learning in schools 388,4
Education policy focuses on digital learning in schools 21,4
Education policy focuses on digital learning in schools 448,4
Education policy focuses on digital learning in schools 280,4
Education policy focuses on digital learning in schools 748,4
Education policy focuses on digital learning in schools 412,4
Education policy focuses on digital learning in schools 553,4
Education policy focuses on digital learning in schools 177,4
Education policy focuses on digital learning in schools 324,4
Education policy focuses on digital learning in schools 484,4
Education policy focuses on digital learning in schools 307,4
Education policy focuses on digital learning in schools 227,4
Education policy focuses on digital learning in schools 240,4
Education policy focuses on digital learning in schools 300,4
Education policy focuses on digital learning in schools 465,4
Education policy focuses on digital learning in schools 136,4
Education policy focuses on digital learning in schools 461,4
Education policy focuses on digital learning in schools 714,4
Education policy focuses on digital learning in schools 891,4
Education policy focuses on digital learning in schools 308,4
Education policy focuses on digital learning in schools 550,4
Education policy focuses on digital learning in schools 538,4
Education policy focuses on digital learning in schools 407,4
Education policy focuses on digital learning in schools 584,4
Education policy focuses on digital learning in schools 443,4
Education policy focuses on digital learning in schools 859,4
Education policy focuses on digital learning in schools 194,4
Education policy focuses on digital learning in schools 696,4
Education policy focuses on digital learning in schools 471,4
Education policy focuses on digital learning in schools 146,4
Education policy focuses on digital learning in schools 527,4
Education policy focuses on digital learning in schools 175,4
Education policy focuses on digital learning in schools 478,4
Education policy focuses on digital learning in schools 744,4
Education policy focuses on digital learning in schools 464,4
Education policy focuses on digital learning in schools 307,4
Education policy focuses on digital learning in schools 207,4
Education policy focuses on digital learning in schools 552,4
Education policy focuses on digital learning in schools 859,4
Education policy focuses on digital learning in schools 803,4
Education policy focuses on digital learning in schools 467,4
Education policy focuses on digital learning in schools 52,4
Education policy focuses on digital learning in schools 134,4
Education policy focuses on digital learning in schools 925,4
Education policy focuses on digital learning in schools 908,4
Education policy focuses on digital learning in schools 404,4
Education policy focuses on digital learning in schools 614,4
Education policy focuses on digital learning in schools 355,4
Education policy focuses on digital learning in schools 263,4
Education policy focuses on digital learning in schools 900,4
Education policy focuses on digital learning in schools 390,4
Education policy focuses on digital learning in schools 704,4
Education policy focuses on digital learning in schools 87,4
Education policy focuses on digital learning in schools 212,4
Education policy focuses on digital learning in schools 477,4
Education policy focuses on digital learning in schools 397,4
Education policy focuses on digital learning in schools 522,4
Education policy focuses on digital learning in schools 365,4
Education policy focuses on digital learning in schools 204,4
Education policy focuses on digital learning in schools 25,4
Campaign promotes gender equality in workplaces 853,5
Campaign promotes gender equality in workplaces 186,5
Campaign promotes gender equality in workplaces 32,5
Campaign promotes gender equality in workplaces 157,5
Campaign promotes gender equality in workplaces 468,5
Campaign promotes gender equality in workplaces 583,5
Campaign promotes gender equality in workplaces 791,5
Campaign promotes gender equality in workplaces 527,5
Campaign promotes gender equality in workplaces 27,5
Campaign promotes gender equality in workplaces 111,5
Campaign promotes gender equality in workplaces 594,5
Campaign promotes gender equality in workplaces 556,5
Campaign promotes gender equality in workplaces 149,5
Campaign promotes gender equality in workplaces 832,5
Campaign promotes gender equality in workplaces 410,5
Campaign promotes gender equality in workplaces 775,5
Campaign promotes gender equality in workplaces 314,5
Campaign promotes gender equality in workplaces 683,5
Campaign promotes gender equality in workplaces 486,5
Campaign promotes gender equality in workplaces 371,5
Campaign promotes gender equality in workplaces 977,5
Campaign promotes gender equality in workplaces 581,5
Campaign promotes gender equality in workplaces 948,5
Campaign promotes gender equality in workplaces 375,5
Campaign promotes gender equality in workplaces 944,5
Campaign promotes gender equality in workplaces 158,5
Campaign promotes gender equality in workplaces 63,5
Campaign promotes gender equality in workplaces 546,5
Campaign promotes gender equality in workplaces 494,5
Campaign promotes gender equality in workplaces 707,5
Campaign promotes gender equality in workplaces 12,5
Campaign promotes gender equality in workplaces 839,5
Campaign promotes gender equality in workplaces 348,5
Campaign promotes gender equality in workplaces 791,5
Campaign promotes gender equality in workplaces 128,5
Campaign promotes gender equality in workplaces 856,5
Campaign promotes gender equality in workplaces 608,5
Campaign promotes gender equality in workplaces 488,5
Campaign promotes gender equality in workplaces 182,5
Campaign promotes gender equality in workplaces 547,5
Campaign promotes gender equality in workplaces 172,5
Campaign promotes gender equality in workplaces 146,5
Campaign promotes gender equality in workplaces 333,5
Campaign promotes gender equality in workplaces 456,5
Campaign promotes gender equality in workplaces 518,5
Campaign promotes gender equality in workplaces 56,5
Campaign promotes gender equality in workplaces 562,5
Campaign promotes gender equality in workplaces 691,5
Campaign promotes gender equality in workplaces 336,5
Campaign promotes gender equality in workplaces 888,5
Campaign promotes gender equality in workplaces 670,5
Campaign promotes gender equality in workplaces 834,5
Campaign promotes gender equality in workplaces 310,5
Campaign promotes gender equality in workplaces 457,5
Campaign promotes gender equality in workplaces 251,5
Campaign promotes gender equality in workplaces 889,5
Campaign promotes gender equality in workplaces 856,5
Campaign promotes gender equality in workplaces 881,5
Campaign promotes gender equality in workplaces 99,5
Campaign promotes gender equality in workplaces 291,5
Campaign promotes gender equality in workplaces 723,5
Campaign promotes gender equality in workplaces 461,5
Campaign promotes gender equality in workplaces 596,5
Campaign promotes gender equality in workplaces 322,5
Campaign promotes gender equality in workplaces 33,5
Campaign promotes gender equality in workplaces 959,5
Campaign promotes gender equality in workplaces 141,5
Campaign promotes gender equality in workplaces 580,5
Campaign promotes gender equality in workplaces 149,5
Campaign promotes gender equality in workplaces 106,5
Campaign promotes gender equality in workplaces 574,5
Campaign promotes gender equality in workplaces 445,5
Campaign promotes gender equality in workplaces 24,5
Campaign promotes gender equality in workplaces 713,5
Campaign promotes gender equality in workplaces 124,5
Campaign promotes gender equality in workplaces 60,5
Campaign promotes gender equality in workplaces 311,5
Campaign promotes gender equality in workplaces 182,5
Campaign promotes gender equality in workplaces 672,5
Campaign promotes gender equality in workplaces 193,5
Clean drinking water projects launched in villages 355,6
Clean drinking water projects launched in villages 289,6
Clean drinking water projects launched in villages 515,6
Clean drinking water projects launched in villages 603,6
Clean drinking water projects launched in villages 866,6
Clean drinking water projects launched in villages 421,6
Clean drinking water projects launched in villages 437,6
Clean drinking water projects launched in villages 698,6
Clean drinking water projects launched in villages 516,6
Clean drinking water projects launched in villages 464,6
Clean drinking water projects launched in villages 416,6
Clean drinking water projects launched in villages 326,6
Clean drinking water projects launched in villages 459,6
Clean drinking water projects launched in villages 657,6
Clean drinking water projects launched in villages 467,6
Clean drinking water projects launched in villages 77,6
Clean drinking water projects launched in villages 969,6
Clean drinking water projects launched in villages 736,6
Clean drinking water projects launched in villages 561,6
Clean drinking water projects launched in villages 58,6
Clean drinking water projects launched in villages 359,6
Clean drinking water projects launched in villages 360,6
Clean drinking water projects launched in villages 524,6
Clean drinking water projects launched in villages 220,6
Clean drinking water projects launched in villages 112,6
Clean drinking water projects launched in villages 316,6
Clean drinking water projects launched in villages 785,6
Clean drinking water projects launched in villages 137,6
Clean drinking water projects launched in villages 26,6
Clean drinking water projects launched in villages 205,6
Clean drinking water projects launched in villages 667,6
Clean drinking water projects launched in villages 414,6
Clean drinking water projects launched in villages 361,6
Clean drinking water projects launched in villages 739,6
Clean drinking water projects launched in villages 515,6
Clean drinking water projects launched in villages 628,6
Clean drinking water projects launched in villages 49,6
Clean drinking water projects launched in villages 379,6
Clean drinking water projects launched in villages 237,6
Clean drinking water projects launched in villages 605,6
Clean drinking water projects launched in villages 131,6
Clean drinking water projects launched in villages 241,6
Clean drinking water projects launched in villages 343,6
Clean drinking water projects launched in villages 149,6
Clean drinking water projects launched in villages 831,6
Clean drinking water projects launched in villages 505,6
Clean drinking water projects launched in villages 750,6
Clean drinking water projects launched in villages 275,6
Clean drinking water projects launched in villages 112,6
Clean drinking water projects launched in villages 15,6
Clean drinking water projects launched in villages 415,6
Clean drinking water projects launched in villages 223,6
Clean drinking water projects launched in villages 803,6
Clean drinking water projects launched in villages 536,6
Clean drinking water projects launched in villages 620,6
Clean drinking water projects launched in villages 291,6
Clean drinking water projects launched in villages 743,6
Clean drinking water projects launched in villages 497,6
Clean drinking water projects launched in villages 992,6
Clean drinking water projects launched in villages 266,6
Clean drinking water projects launched in villages 534,6
Clean drinking water projects launched in villages 24,6
Clean drinking water projects launched in villages 365,6
Clean drinking water projects launched in villages 146,6
Clean drinking water projects launched in villages 197,6
Clean drinking water projects launched in villages 92,6
Clean drinking water projects launched in villages 348,6
Clean drinking water projects launched in villages 589,6
Clean drinking water projects launched in villages 245,6
Clean drinking water projects launched in villages 963,6
Clean drinking water projects launched in villages 827,6
Clean drinking water projects launched in villages 804,6
Clean drinking water projects launched in villages 803,6
Clean drinking water projects launched in villages 678,6
Clean drinking water projects launched in villages 99,6
Clean drinking water projects launched in villages 70,6
Clean drinking water projects launched in villages 16,6
Clean drinking water projects launched in villages 401,6
Clean drinking water projects launched in villages 793,6
Clean drinking water projects launched in villages 83,6
Solar energy plants expand across the country 977,7
Solar energy plants expand across the country 857,7
Solar energy plants expand across the country 343,7
Solar energy plants expand across the country 215,7
Solar energy plants expand across the country 443,7
Solar energy plants expand across the country 850,7
Solar energy plants expand across the country 23,7
Solar energy plants expand across the country 133,7
Solar energy plants expand across the country 698,7
Solar energy plants expand across the country 612,7
Solar energy plants expand across the country 404,7
Solar energy plants expand across the country 603,7
Solar energy plants expand across the country 141,7
Solar energy plants expand across the country 611,7
Solar energy plants expand across the country 877,7
Solar energy plants expand across the country 993,7
Solar energy plants expand across the country 3,7
Solar energy plants expand across the country 680,7
Solar energy plants expand across the country 809,7
Solar energy plants expand across the country 864,7
Solar energy plants expand across the country 943,7
Solar energy plants expand across the country 162,7
Solar energy plants expand across the country 533,7
Solar energy plants expand across the country 580,7
Solar energy plants expand across the country 36,7
Solar energy plants expand across the country 586,7
Solar energy plants expand across the country 980,7
Solar energy plants expand across the country 731,7
Solar energy plants expand across the country 666,7
Solar energy plants expand across the country 884,7
Solar energy plants expand across the country 75,7
Solar energy plants expand across the country 731,7
Solar energy plants expand across the country 917,7
Solar energy plants expand across the country 763,7
Solar energy plants expand across the country 183,7
Solar energy plants expand across the country 732,7
Solar energy plants expand across the country 267,7
Solar energy plants expand across the country 346,7
Solar energy plants expand across the country 993,7
Solar energy plants expand across the country 818,7
Solar energy plants expand across the country 60,7
Solar energy plants expand across the country 392,7
Solar energy plants expand across the country 360,7
Solar energy plants expand across the country 880,7
Solar energy plants expand across the country 372,7
Solar energy plants expand across the country 319,7
Solar energy plants expand across the country 791,7
Solar energy plants expand across the country 708,7
Solar energy plants expand across the country 276,7
Solar energy plants expand across the country 389,7
Solar energy plants expand across the country 43,7
Solar energy plants expand across the country 132,7
Solar energy plants expand across the country 132,7
Solar energy plants expand across the country 260,7
Solar energy plants expand across the country 327,7
Solar energy plants expand across the country 274,7
Solar energy plants expand across the country 54,7
Solar energy plants expand across the country 248,7
Solar energy plants expand across the country 778,7
Solar energy plants expand across the country 915,7
Solar energy plants expand across the country 250,7
Solar energy plants expand across the country 375,7
Solar energy plants expand across the country 123,7
Solar energy plants expand across the country 567,7
Solar energy plants expand across the country 275,7
Solar energy plants expand across the country 759,7
Solar energy plants expand across the country 765,7
Solar energy plants expand across the country 939,7
Solar energy plants expand across the country 826,7
Solar energy plants expand across the country 241,7
Solar energy plants expand across the country 983,7
Solar energy plants expand across the country 509,7
Solar energy plants expand across the country 464,7
Solar energy plants expand across the country 66,7
Solar energy plants expand across the country 773,7
Solar energy plants expand across the country 310,7
Solar energy plants expand across the country 638,7
Solar energy plants expand across the country 353,7
Solar energy plants expand across the country 904,7
Solar energy plants expand across the country 604,7
Economic growth rises with new employment programs 999,8
Economic growth rises with new employment programs 728,8
Economic growth rises with new employment programs 512,8
Economic growth rises with new employment programs 691,8
Economic growth rises with new employment programs 88,8
Economic growth rises with new employment programs 338,8
Economic growth rises with new employment programs 730,8
Economic growth rises with new employment programs 652,8
Economic growth rises with new employment programs 435,8
Economic growth rises with new employment programs 784,8
Economic growth rises with new employment programs 325,8
Economic growth rises with new employment programs 440,8
Economic growth rises with new employment programs 699,8
Economic growth rises with new employment programs 865,8
Economic growth rises with new employment programs 661,8
Economic growth rises with new employment programs 858,8
Economic growth rises with new employment programs 964,8
Economic growth rises with new employment programs 365,8
Economic growth rises with new employment programs 836,8
Economic growth rises with new employment programs 83,8
Economic growth rises with new employment programs 860,8
Economic growth rises with new employment programs 400,8
Economic growth rises with new employment programs 157,8
Economic growth rises with new employment programs 245,8
Economic growth rises with new employment programs 196,8
Economic growth rises with new employment programs 913,8
Economic growth rises with new employment programs 11,8
Economic growth rises with new employment programs 413,8
Economic growth rises with new employment programs 379,8
Economic growth rises with new employment programs 616,8
Economic growth rises with new employment programs 826,8
Economic growth rises with new employment programs 744,8
Economic growth rises with new employment programs 162,8
Economic growth rises with new employment programs 108,8
Economic growth rises with new employment programs 727,8
Economic growth rises with new employment programs 290,8
Economic growth rises with new employment programs 482,8
Economic growth rises with new employment programs 68,8
Economic growth rises with new employment programs 833,8
Economic growth rises with new employment programs 639,8
Economic growth rises with new employment programs 276,8
Economic growth rises with new employment programs 110,8
Economic growth rises with new employment programs 54,8
Economic growth rises with new employment programs 541,8
Economic growth rises with new employment programs 580,8
Economic growth rises with new employment programs 673,8
Economic growth rises with new employment programs 902,8
Economic growth rises with new employment programs 692,8
Economic growth rises with new employment programs 17,8
Economic growth rises with new employment programs 468,8
Economic growth rises with new employment programs 618,8
Economic growth rises with new employment programs 530,8
Economic growth rises with new employment programs 189,8
Economic growth rises with new employment programs 951,8
Economic growth rises with new employment programs 668,8
Economic growth rises with new employment programs 214,8
Economic growth rises with new employment programs 951,8
Economic growth rises with new employment programs 219,8
Economic growth rises with new employment programs 782,8
Economic growth rises with new employment programs 927,8
Economic growth rises with new employment programs 16,8
Economic growth rises with new employment programs 678,8
Economic growth rises with new employment programs 864,8
Economic growth rises with new employment programs 544,8
Economic growth rises with new employment programs 900,8
Economic growth rises with new employment programs 834,8
Economic growth rises with new employment programs 432,8
Economic growth rises with new employment programs 843,8
Economic growth rises with new employment programs 557,8
Economic growth rises with new employment programs 810,8
Economic growth rises with new employment programs 760,8
Economic growth rises with new employment programs 809,8
Economic growth rises with new employment programs 947,8
Economic growth rises with new employment programs 980,8
Economic growth rises with new employment programs 685,8
Economic growth rises with new employment programs 135,8
Economic growth rises with new employment programs 823,8
Economic growth rises with new employment programs 741,8
Economic growth rises with new employment programs 873,8
Economic growth rises with new employment programs 159,8
Infrastructure development boosts industrial innovation 28,9
Infrastructure development boosts industrial innovation 692,9
Infrastructure development boosts industrial innovation 848,9
Infrastructure development boosts industrial innovation 923,9
Infrastructure development boosts industrial innovation 597,9
Infrastructure development boosts industrial innovation 39,9
Infrastructure development boosts industrial innovation 391,9
Infrastructure development boosts industrial innovation 75,9
Infrastructure development boosts industrial innovation 960,9
Infrastructure development boosts industrial innovation 390,9
Infrastructure development boosts industrial innovation 970,9
Infrastructure development boosts industrial innovation 363,9
Infrastructure development boosts industrial innovation 812,9
Infrastructure development boosts industrial innovation 753,9
Infrastructure development boosts industrial innovation 505,9
Infrastructure development boosts industrial innovation 139,9
Infrastructure development boosts industrial innovation 599,9
Infrastructure development boosts industrial innovation 864,9
Infrastructure development boosts industrial innovation 278,9
Infrastructure development boosts industrial innovation 202,9
Infrastructure development boosts industrial innovation 66,9
Infrastructure development boosts industrial innovation 377,9
Infrastructure development boosts industrial innovation 903,9
Infrastructure development boosts industrial innovation 705,9
Infrastructure development boosts industrial innovation 306,9
Infrastructure development boosts industrial innovation 268,9
Infrastructure development boosts industrial innovation 192,9
Infrastructure development boosts industrial innovation 318,9
Infrastructure development boosts industrial innovation 791,9
Infrastructure development boosts industrial innovation 294,9
Infrastructure development boosts industrial innovation 146,9
Infrastructure development boosts industrial innovation 306,9
Infrastructure development boosts industrial innovation 963,9
Infrastructure development boosts industrial innovation 152,9
Infrastructure development boosts industrial innovation 906,9
Infrastructure development boosts industrial innovation 943,9
Infrastructure development boosts industrial innovation 748,9
Infrastructure development boosts industrial innovation 922,9
Infrastructure development boosts industrial innovation 28,9
Infrastructure development boosts industrial innovation 207,9
Infrastructure development boosts industrial innovation 176,9
Infrastructure development boosts industrial innovation 179,9
Infrastructure development boosts industrial innovation 17,9
Infrastructure development boosts industrial innovation 482,9
Infrastructure development boosts industrial innovation 121,9
Infrastructure development boosts industrial innovation 85,9
Infrastructure development boosts industrial innovation 568,9
Infrastructure development boosts industrial innovation 84,9
Infrastructure development boosts industrial innovation 458,9
Infrastructure development boosts industrial innovation 463,9
Infrastructure development boosts industrial innovation 841,9
Infrastructure development boosts industrial innovation 453,9
Infrastructure development boosts industrial innovation 557,9
Infrastructure development boosts industrial innovation 187,9
Infrastructure development boosts industrial innovation 437,9
Infrastructure development boosts industrial innovation 585,9
Infrastructure development boosts industrial innovation 747,9
Infrastructure development boosts industrial innovation 319,9
Infrastructure development boosts industrial innovation 601,9
Infrastructure development boosts industrial innovation 370,9
Infrastructure development boosts industrial innovation 673,9
Infrastructure development boosts industrial innovation 172,9
Infrastructure development boosts industrial innovation 603,9
Infrastructure development boosts industrial innovation 471,9
Infrastructure development boosts industrial innovation 839,9
Infrastructure development boosts industrial innovation 765,9
Infrastructure development boosts industrial innovation 842,9
Infrastructure development boosts industrial innovation 561,9
Infrastructure development boosts industrial innovation 509,9
Infrastructure development boosts industrial innovation 654,9
Infrastructure development boosts industrial innovation 116,9
Infrastructure development boosts industrial innovation 78,9
Infrastructure development boosts industrial innovation 959,9
Infrastructure development boosts industrial innovation 451,9
Infrastructure development boosts industrial innovation 99,9
Infrastructure development boosts industrial innovation 477,9
Infrastructure development boosts industrial innovation 637,9
Infrastructure development boosts industrial innovation 194,9
Infrastructure development boosts industrial innovation 937,9
Infrastructure development boosts industrial innovation 580,9
Policies introduced to reduce income inequality 296,10
Policies introduced to reduce income inequality 297,10
Policies introduced to reduce income inequality 551,10
Policies introduced to reduce income inequality 93,10
Policies introduced to reduce income inequality 468,10
Policies introduced to reduce income inequality 363,10
Policies introduced to reduce income inequality 924,10
Policies introduced to reduce income inequality 481,10
Policies introduced to reduce income inequality 449,10
Policies introduced to reduce income inequality 145,10
Policies introduced to reduce income inequality 154,10
Policies introduced to reduce income inequality 521,10
Policies introduced to reduce income inequality 270,10
Policies introduced to reduce income inequality 247,10
Policies introduced to reduce income inequality 579,10
Policies introduced to reduce income inequality 377,10
Policies introduced to reduce income inequality 900,10
Policies introduced to reduce income inequality 220,10
Policies introduced to reduce income inequality 449,10
Policies introduced to reduce income inequality 224,10
Policies introduced to reduce income inequality 651,10
Policies introduced to reduce income inequality 244,10
Policies introduced to reduce income inequality 676,10
Policies introduced to reduce income inequality 381,10
Policies introduced to reduce income inequality 572,10
Policies introduced to reduce income inequality 351,10
Policies introduced to reduce income inequality 422,10
Policies introduced to reduce income inequality 830,10
Policies introduced to reduce income inequality 713,10
Policies introduced to reduce income inequality 504,10
Policies introduced to reduce income inequality 537,10
Policies introduced to reduce income inequality 392,10
Policies introduced to reduce income inequality 924,10
Policies introduced to reduce income inequality 903,10
Policies introduced to reduce income inequality 956,10
Policies introduced to reduce income inequality 583,10
Policies introduced to reduce income inequality 885,10
Policies introduced to reduce income inequality 226,10
Policies introduced to reduce income inequality 403,10
Policies introduced to reduce income inequality 522,10
Policies introduced to reduce income inequality 561,10
Policies introduced to reduce income inequality 648,10
Policies introduced to reduce income inequality 203,10
Policies introduced to reduce income inequality 99,10
Policies introduced to reduce income inequality 68,10
Policies introduced to reduce income inequality 15,10
Policies introduced to reduce income inequality 757,10
Policies introduced to reduce income inequality 775,10
Policies introduced to reduce income inequality 913,10
Policies introduced to reduce income inequality 764,10
Policies introduced to reduce income inequality 222,10
Policies introduced to reduce income inequality 757,10
Policies introduced to reduce income inequality 544,10
Policies introduced to reduce income inequality 159,10
Policies introduced to reduce income inequality 389,10
Policies introduced to reduce income inequality 411,10
Policies introduced to reduce income inequality 948,10
Policies introduced to reduce income inequality 666,10
Policies introduced to reduce income inequality 825,10
Policies introduced to reduce income inequality 890,10
Policies introduced to reduce income inequality 691,10
Policies introduced to reduce income inequality 827,10
Policies introduced to reduce income inequality 106,10
Policies introduced to reduce income inequality 912,10
Policies introduced to reduce income inequality 412,10
Policies introduced to reduce income inequality 941,10
Policies introduced to reduce income inequality 926,10
Policies introduced to reduce income inequality 603,10
Policies introduced to reduce income inequality 338,10
Policies introduced to reduce income inequality 378,10
Policies introduced to reduce income inequality 604,10
Policies introduced to reduce income inequality 104,10
Policies introduced to reduce income inequality 310,10
Policies introduced to reduce income inequality 204,10
Policies introduced to reduce income inequality 283,10
Policies introduced to reduce income inequality 922,10
Policies introduced to reduce income inequality 815,10
Policies introduced to reduce income inequality 86,10
Policies introduced to reduce income inequality 398,10
Policies introduced to reduce income inequality 874,10
Smart city initiatives improve urban sustainability 650,11
Smart city initiatives improve urban sustainability 472,11
Smart city initiatives improve urban sustainability 591,11
Smart city initiatives improve urban sustainability 268,11
Smart city initiatives improve urban sustainability 394,11
Smart city initiatives improve urban sustainability 852,11
Smart city initiatives improve urban sustainability 488,11
Smart city initiatives improve urban sustainability 634,11
Smart city initiatives improve urban sustainability 999,11
Smart city initiatives improve urban sustainability 127,11
Smart city initiatives improve urban sustainability 886,11
Smart city initiatives improve urban sustainability 124,11
Smart city initiatives improve urban sustainability 892,11
Smart city initiatives improve urban sustainability 167,11
Smart city initiatives improve urban sustainability 199,11
Smart city initiatives improve urban sustainability 371,11
Smart city initiatives improve urban sustainability 520,11
Smart city initiatives improve urban sustainability 524,11
Smart city initiatives improve urban sustainability 122,11
Smart city initiatives improve urban sustainability 550,11
Smart city initiatives improve urban sustainability 382,11
Smart city initiatives improve urban sustainability 107,11
Smart city initiatives improve urban sustainability 951,11
Smart city initiatives improve urban sustainability 186,11
Smart city initiatives improve urban sustainability 574,11
Smart city initiatives improve urban sustainability 78,11
Smart city initiatives improve urban sustainability 154,11
Smart city initiatives improve urban sustainability 514,11
Smart city initiatives improve urban sustainability 695,11
Smart city initiatives improve urban sustainability 443,11
Smart city initiatives improve urban sustainability 803,11
Smart city initiatives improve urban sustainability 340,11
Smart city initiatives improve urban sustainability 482,11
Smart city initiatives improve urban sustainability 429,11
Smart city initiatives improve urban sustainability 121,11
Smart city initiatives improve urban sustainability 848,11
Smart city initiatives improve urban sustainability 748,11
Smart city initiatives improve urban sustainability 893,11
Smart city initiatives improve urban sustainability 776,11
Smart city initiatives improve urban sustainability 334,11
Smart city initiatives improve urban sustainability 861,11
Smart city initiatives improve urban sustainability 662,11
Smart city initiatives improve urban sustainability 573,11
Smart city initiatives improve urban sustainability 846,11
Smart city initiatives improve urban sustainability 327,11
Smart city initiatives improve urban sustainability 843,11
Smart city initiatives improve urban sustainability 149,11
Smart city initiatives improve urban sustainability 22,11
Smart city initiatives improve urban sustainability 790,11
Smart city initiatives improve urban sustainability 65,11
Smart city initiatives improve urban sustainability 398,11
Smart city initiatives improve urban sustainability 845,11
Smart city initiatives improve urban sustainability 600,11
Smart city initiatives improve urban sustainability 301,11
Smart city initiatives improve urban sustainability 728,11
Smart city initiatives improve urban sustainability 74,11
Smart city initiatives improve urban sustainability 111,11
Smart city initiatives improve urban sustainability 223,11
Smart city initiatives improve urban sustainability 657,11
Smart city initiatives improve urban sustainability 398,11
Smart city initiatives improve urban sustainability 715,11
Smart city initiatives improve urban sustainability 800,11
Smart city initiatives improve urban sustainability 53,11
Smart city initiatives improve urban sustainability 998,11
Smart city initiatives improve urban sustainability 728,11
Smart city initiatives improve urban sustainability 985,11
Smart city initiatives improve urban sustainability 353,11
Smart city initiatives improve urban sustainability 373,11
Smart city initiatives improve urban sustainability 456,11
Smart city initiatives improve urban sustainability 586,11
Smart city initiatives improve urban sustainability 691,11
Smart city initiatives improve urban sustainability 946,11
Smart city initiatives improve urban sustainability 336,11
Smart city initiatives improve urban sustainability 96,11
Smart city initiatives improve urban sustainability 347,11
Smart city initiatives improve urban sustainability 166,11
Smart city initiatives improve urban sustainability 750,11
Smart city initiatives improve urban sustainability 577,11
Smart city initiatives improve urban sustainability 75,11
Smart city initiatives improve urban sustainability 839,11
Recycling programs promote responsible consumption 597,12
Recycling programs promote responsible consumption 710,12
Recycling programs promote responsible consumption 506,12
Recycling programs promote responsible consumption 814,12
Recycling programs promote responsible consumption 841,12
Recycling programs promote responsible consumption 601,12
Recycling programs promote responsible consumption 349,12
Recycling programs promote responsible consumption 688,12
Recycling programs promote responsible consumption 276,12
Recycling programs promote responsible consumption 597,12
Recycling programs promote responsible consumption 373,12
Recycling programs promote responsible consumption 304,12
Recycling programs promote responsible consumption 256,12
Recycling programs promote responsible consumption 85,12
Recycling programs promote responsible consumption 58,12
Recycling programs promote responsible consumption 929,12
Recycling programs promote responsible consumption 680,12
Recycling programs promote responsible consumption 973,12
Recycling programs promote responsible consumption 945,12
Recycling programs promote responsible consumption 559,12
Recycling programs promote responsible consumption 229,12
Recycling programs promote responsible consumption 526,12
Recycling programs promote responsible consumption 493,12
Recycling programs promote responsible consumption 807,12
Recycling programs promote responsible consumption 562,12
Recycling programs promote responsible consumption 614,12
Recycling programs promote responsible consumption 869,12
Recycling programs promote responsible consumption 865,12
Recycling programs promote responsible consumption 585,12
Recycling programs promote responsible consumption 317,12
Recycling programs promote responsible consumption 760,12
Recycling programs promote responsible consumption 928,12
Recycling programs promote responsible consumption 570,12
Recycling programs promote responsible consumption 966,12
Recycling programs promote responsible consumption 2,12
Recycling programs promote responsible consumption 454,12
Recycling programs promote responsible consumption 660,12
Recycling programs promote responsible consumption 954,12
Recycling programs promote responsible consumption 618,12
Recycling programs promote responsible consumption 90,12
Recycling programs promote responsible consumption 72,12
Recycling programs promote responsible consumption 806,12
Recycling programs promote responsible consumption 134,12
Recycling programs promote responsible consumption 816,12
Recycling programs promote responsible consumption 912,12
Recycling programs promote responsible consumption 373,12
Recycling programs promote responsible consumption 963,12
Recycling programs promote responsible consumption 182,12
Recycling programs promote responsible consumption 71,12
Recycling programs promote responsible consumption 485,12
Recycling programs promote responsible consumption 160,12
Recycling programs promote responsible consumption 357,12
Recycling programs promote responsible consumption 372,12
Recycling programs promote responsible consumption 850,12
Recycling programs promote responsible consumption 399,12
Recycling programs promote responsible consumption 514,12
Recycling programs promote responsible consumption 797,12
Recycling programs promote responsible consumption 696,12
Recycling programs promote responsible consumption 649,12
Recycling programs promote responsible consumption 204,12
Recycling programs promote responsible consumption 723,12
Recycling programs promote responsible consumption 25,12
Recycling programs promote responsible consumption 70,12
Recycling programs promote responsible consumption 361,12
Recycling programs promote responsible consumption 263,12
Recycling programs promote responsible consumption 698,12
Recycling programs promote responsible consumption 290,12
Recycling programs promote responsible consumption 142,12
Recycling programs promote responsible consumption 352,12
Recycling programs promote responsible consumption 931,12
Recycling programs promote responsible consumption 434,12
Recycling programs promote responsible consumption 14,12
Recycling programs promote responsible consumption 171,12
Recycling programs promote responsible consumption 311,12
Recycling programs promote responsible consumption 974,12
Recycling programs promote responsible consumption 408,12
Recycling programs promote responsible consumption 954,12
Recycling programs promote responsible consumption 128,12
Recycling programs promote responsible consumption 814,12
Recycling programs promote responsible consumption 545,12
Climate change action plans reduce carbon emissions 288,13
Climate change action plans reduce carbon emissions 880,13
Climate change action plans reduce carbon emissions 415,13
Climate change action plans reduce carbon emissions 907,13
Climate change action plans reduce carbon emissions 682,13
Climate change action plans reduce carbon emissions 292,13
Climate change action plans reduce carbon emissions 243,13
Climate change action plans reduce carbon emissions 335,13
Climate change action plans reduce carbon emissions 882,13
Climate change action plans reduce carbon emissions 910,13
Climate change action plans reduce carbon emissions 748,13
Climate change action plans reduce carbon emissions 594,13
Climate change action plans reduce carbon emissions 399,13
Climate change action plans reduce carbon emissions 691,13
Climate change action plans reduce carbon emissions 276,13
Climate change action plans reduce carbon emissions 976,13
Climate change action plans reduce carbon emissions 236,13
Climate change action plans reduce carbon emissions 940,13
Climate change action plans reduce carbon emissions 362,13
Climate change action plans reduce carbon emissions 133,13
Climate change action plans reduce carbon emissions 990,13
Climate change action plans reduce carbon emissions 92,13
Climate change action plans reduce carbon emissions 167,13
Climate change action plans reduce carbon emissions 493,13
Climate change action plans reduce carbon emissions 40,13
Climate change action plans reduce carbon emissions 117,13
Climate change action plans reduce carbon emissions 853,13
Climate change action plans reduce carbon emissions 119,13
Climate change action plans reduce carbon emissions 777,13
Climate change action plans reduce carbon emissions 694,13
Climate change action plans reduce carbon emissions 851,13
Climate change action plans reduce carbon emissions 992,13
Climate change action plans reduce carbon emissions 68,13
Climate change action plans reduce carbon emissions 798,13
Climate change action plans reduce carbon emissions 452,13
Climate change action plans reduce carbon emissions 479,13
Climate change action plans reduce carbon emissions 212,13
Climate change action plans reduce carbon emissions 849,13
Climate change action plans reduce carbon emissions 417,13
Climate change action plans reduce carbon emissions 798,13
Climate change action plans reduce carbon emissions 197,13
Climate change action plans reduce carbon emissions 845,13
Climate change action plans reduce carbon emissions 204,13
Climate change action plans reduce carbon emissions 64,13
Climate change action plans reduce carbon emissions 248,13
Climate change action plans reduce carbon emissions 686,13
Climate change action plans reduce carbon emissions 626,13
Climate change action plans reduce carbon emissions 83,13
Climate change action plans reduce carbon emissions 660,13
Climate change action plans reduce carbon emissions 373,13
Climate change action plans reduce carbon emissions 918,13
Climate change action plans reduce carbon emissions 834,13
Climate change action plans reduce carbon emissions 315,13
Climate change action plans reduce carbon emissions 821,13
Climate change action plans reduce carbon emissions 794,13
Climate change action plans reduce carbon emissions 326,13
Climate change action plans reduce carbon emissions 476,13
Climate change action plans reduce carbon emissions 420,13
Climate change action plans reduce carbon emissions 672,13
Climate change action plans reduce carbon emissions 516,13
Climate change action plans reduce carbon emissions 774,13
Climate change action plans reduce carbon emissions 23,13
Climate change action plans reduce carbon emissions 604,13
Climate change action plans reduce carbon emissions 864,13
Climate change action plans reduce carbon emissions 53,13
Climate change action plans reduce carbon emissions 7,13
Climate change action plans reduce carbon emissions 530,13
Climate change action plans reduce carbon emissions 797,13
Climate change action plans reduce carbon emissions 105,13
Climate change action plans reduce carbon emissions 183,13
Climate change action plans reduce carbon emissions 18,13
Climate change action plans reduce carbon emissions 694,13
Climate change action plans reduce carbon emissions 354,13
Climate change action plans reduce carbon emissions 933,13
Climate change action plans reduce carbon emissions 907,13
Climate change action plans reduce carbon emissions 524,13
Climate change action plans reduce carbon emissions 687,13
Climate change action plans reduce carbon emissions 185,13
Climate change action plans reduce carbon emissions 187,13
Climate change action plans reduce carbon emissions 962,13
Marine conservation efforts protect ocean biodiversity 316,14
Marine conservation efforts protect ocean biodiversity 816,14
Marine conservation efforts protect ocean biodiversity 924,14
Marine conservation efforts protect ocean biodiversity 934,14
Marine conservation efforts protect ocean biodiversity 398,14
Marine conservation efforts protect ocean biodiversity 310,14
Marine conservation efforts protect ocean biodiversity 558,14
Marine conservation efforts protect ocean biodiversity 537,14
Marine conservation efforts protect ocean biodiversity 313,14
Marine conservation efforts protect ocean biodiversity 876,14
Marine conservation efforts protect ocean biodiversity 114,14
Marine conservation efforts protect ocean biodiversity 587,14
Marine conservation efforts protect ocean biodiversity 725,14
Marine conservation efforts protect ocean biodiversity 554,14
Marine conservation efforts protect ocean biodiversity 647,14
Marine conservation efforts protect ocean biodiversity 497,14
Marine conservation efforts protect ocean biodiversity 947,14
Marine conservation efforts protect ocean biodiversity 344,14
Marine conservation efforts protect ocean biodiversity 85,14
Marine conservation efforts protect ocean biodiversity 852,14
Marine conservation efforts protect ocean biodiversity 680,14
Marine conservation efforts protect ocean biodiversity 872,14
Marine conservation efforts protect ocean biodiversity 344,14
Marine conservation efforts protect ocean biodiversity 140,14
Marine conservation efforts protect ocean biodiversity 372,14
Marine conservation efforts protect ocean biodiversity 135,14
Marine conservation efforts protect ocean biodiversity 30,14
Marine conservation efforts protect ocean biodiversity 325,14
Marine conservation efforts protect ocean biodiversity 569,14
Marine conservation efforts protect ocean biodiversity 373,14
Marine conservation efforts protect ocean biodiversity 909,14
Marine conservation efforts protect ocean biodiversity 547,14
Marine conservation efforts protect ocean biodiversity 618,14
Marine conservation efforts protect ocean biodiversity 917,14
Marine conservation efforts protect ocean biodiversity 64,14
Marine conservation efforts protect ocean biodiversity 847,14
Marine conservation efforts protect ocean biodiversity 185,14
Marine conservation efforts protect ocean biodiversity 587,14
Marine conservation efforts protect ocean biodiversity 272,14
Marine conservation efforts protect ocean biodiversity 120,14
Marine conservation efforts protect ocean biodiversity 262,14
Marine conservation efforts protect ocean biodiversity 279,14
Marine conservation efforts protect ocean biodiversity 950,14
Marine conservation efforts protect ocean biodiversity 863,14
Marine conservation efforts protect ocean biodiversity 43,14
Marine conservation efforts protect ocean biodiversity 146,14
Marine conservation efforts protect ocean biodiversity 206,14
Marine conservation efforts protect ocean biodiversity 181,14
Marine conservation efforts protect ocean biodiversity 498,14
Marine conservation efforts protect ocean biodiversity 108,14
Marine conservation efforts protect ocean biodiversity 143,14
Marine conservation efforts protect ocean biodiversity 507,14
Marine conservation efforts protect ocean biodiversity 637,14
Marine conservation efforts protect ocean biodiversity 623,14
Marine conservation efforts protect ocean biodiversity 358,14
Marine conservation efforts protect ocean biodiversity 890,14
Marine conservation efforts protect ocean biodiversity 76,14
Marine conservation efforts protect ocean biodiversity 547,14
Marine conservation efforts protect ocean biodiversity 591,14
Marine conservation efforts protect ocean biodiversity 61,14
Marine conservation efforts protect ocean biodiversity 172,14
Marine conservation efforts protect ocean biodiversity 722,14
Marine conservation efforts protect ocean biodiversity 300,14
Marine conservation efforts protect ocean biodiversity 679,14
Marine conservation efforts protect ocean biodiversity 480,14
Marine conservation efforts protect ocean biodiversity 556,14
Marine conservation efforts protect ocean biodiversity 7,14
Marine conservation efforts protect ocean biodiversity 9,14
Marine conservation efforts protect ocean biodiversity 873,14
Marine conservation efforts protect ocean biodiversity 521,14
Marine conservation efforts protect ocean biodiversity 633,14
Marine conservation efforts protect ocean biodiversity 695,14
Marine conservation efforts protect ocean biodiversity 624,14
Marine conservation efforts protect ocean biodiversity 643,14
Marine conservation efforts protect ocean biodiversity 573,14
Marine conservation efforts protect ocean biodiversity 991,14
Marine conservation efforts protect ocean biodiversity 157,14
Marine conservation efforts protect ocean biodiversity 649,14
Marine conservation efforts protect ocean biodiversity 77,14
Marine conservation efforts protect ocean biodiversity 605,14
Wildlife protection laws conserve forest ecosystems 211,15
Wildlife protection laws conserve forest ecosystems 755,15
Wildlife protection laws conserve forest ecosystems 681,15
Wildlife protection laws conserve forest ecosystems 288,15
Wildlife protection laws conserve forest ecosystems 194,15
Wildlife protection laws conserve forest ecosystems 586,15
Wildlife protection laws conserve forest ecosystems 200,15
Wildlife protection laws conserve forest ecosystems 800,15
Wildlife protection laws conserve forest ecosystems 158,15
Wildlife protection laws conserve forest ecosystems 353,15
Wildlife protection laws conserve forest ecosystems 917,15
Wildlife protection laws conserve forest ecosystems 91,15
Wildlife protection laws conserve forest ecosystems 811,15
Wildlife protection laws conserve forest ecosystems 892,15
Wildlife protection laws conserve forest ecosystems 911,15
Wildlife protection laws conserve forest ecosystems 109,15
Wildlife protection laws conserve forest ecosystems 866,15
Wildlife protection laws conserve forest ecosystems 997,15
Wildlife protection laws conserve forest ecosystems 944,15
Wildlife protection laws conserve forest ecosystems 212,15
Wildlife protection laws conserve forest ecosystems 624,15
Wildlife protection laws conserve forest ecosystems 78,15
Wildlife protection laws conserve forest ecosystems 727,15
Wildlife protection laws conserve forest ecosystems 825,15
Wildlife protection laws conserve forest ecosystems 93,15
Wildlife protection laws conserve forest ecosystems 190,15
Wildlife protection laws conserve forest ecosystems 493,15
Wildlife protection laws conserve forest ecosystems 152,15
Wildlife protection laws conserve forest ecosystems 133,15
Wildlife protection laws conserve forest ecosystems 419,15
Wildlife protection laws conserve forest ecosystems 981,15
Wildlife protection laws conserve forest ecosystems 375,15
Wildlife protection laws conserve forest ecosystems 590,15
Wildlife protection laws conserve forest ecosystems 82,15
Wildlife protection laws conserve forest ecosystems 219,15
Wildlife protection laws conserve forest ecosystems 691,15
Wildlife protection laws conserve forest ecosystems 317,15
Wildlife protection laws conserve forest ecosystems 101,15
Wildlife protection laws conserve forest ecosystems 787,15
Wildlife protection laws conserve forest ecosystems 783,15
Wildlife protection laws conserve forest ecosystems 818,15
Wildlife protection laws conserve forest ecosystems 818,15
Wildlife protection laws conserve forest ecosystems 426,15
Wildlife protection laws conserve forest ecosystems 406,15
Wildlife protection laws conserve forest ecosystems 49,15
Wildlife protection laws conserve forest ecosystems 161,15
Wildlife protection laws conserve forest ecosystems 107,15
Wildlife protection laws conserve forest ecosystems 502,15
Wildlife protection laws conserve forest ecosystems 753,15
Wildlife protection laws conserve forest ecosystems 169,15
Wildlife protection laws conserve forest ecosystems 283,15
Wildlife protection laws conserve forest ecosystems 68,15
Wildlife protection laws conserve forest ecosystems 521,15
Wildlife protection laws conserve forest ecosystems 803,15
Wildlife protection laws conserve forest ecosystems 900,15
Wildlife protection laws conserve forest ecosystems 350,15
Wildlife protection laws conserve forest ecosystems 896,15
Wildlife protection laws conserve forest ecosystems 913,15
Wildlife protection laws conserve forest ecosystems 306,15
Wildlife protection laws conserve forest ecosystems 542,15
Wildlife protection laws conserve forest ecosystems 24,15
Wildlife protection laws conserve forest ecosystems 183,15
Wildlife protection laws conserve forest ecosystems 440,15
Wildlife protection laws conserve forest ecosystems 556,15
Wildlife protection laws conserve forest ecosystems 123,15
Wildlife protection laws conserve forest ecosystems 266,15
Wildlife protection laws conserve forest ecosystems 477,15
Wildlife protection laws conserve forest ecosystems 158,15
Wildlife protection laws conserve forest ecosystems 621,15
Wildlife protection laws conserve forest ecosystems 146,15
Wildlife protection laws conserve forest ecosystems 798,15
Wildlife protection laws conserve forest ecosystems 629,15
Wildlife protection laws conserve forest ecosystems 992,15
Wildlife protection laws conserve forest ecosystems 186,15
Wildlife protection laws conserve forest ecosystems 859,15
Wildlife protection laws conserve forest ecosystems 389,15
Wildlife protection laws conserve forest ecosystems 161,15
Wildlife protection laws conserve forest ecosystems 142,15
Wildlife protection laws conserve forest ecosystems 275,15
Wildlife protection laws conserve forest ecosystems 791,15
Judicial reforms strengthen peace and justice systems 83,16
Judicial reforms strengthen peace and justice systems 753,16
Judicial reforms strengthen peace and justice systems 747,16
Judicial reforms strengthen peace and justice systems 995,16
Judicial reforms strengthen peace and justice systems 850,16
Judicial reforms strengthen peace and justice systems 261,16
Judicial reforms strengthen peace and justice systems 464,16
Judicial reforms strengthen peace and justice systems 45,16
Judicial reforms strengthen peace and justice systems 851,16
Judicial reforms strengthen peace and justice systems 818,16
Judicial reforms strengthen peace and justice systems 236,16
Judicial reforms strengthen peace and justice systems 398,16
Judicial reforms strengthen peace and justice systems 953,16
Judicial reforms strengthen peace and justice systems 8,16
Judicial reforms strengthen peace and justice systems 506,16
Judicial reforms strengthen peace and justice systems 523,16
Judicial reforms strengthen peace and justice systems 177,16
Judicial reforms strengthen peace and justice systems 520,16
Judicial reforms strengthen peace and justice systems 366,16
Judicial reforms strengthen peace and justice systems 216,16
Judicial reforms strengthen peace and justice systems 943,16
Judicial reforms strengthen peace and justice systems 100,16
Judicial reforms strengthen peace and justice systems 728,16
Judicial reforms strengthen peace and justice systems 872,16
Judicial reforms strengthen peace and justice systems 276,16
Judicial reforms strengthen peace and justice systems 346,16
Judicial reforms strengthen peace and justice systems 129,16
Judicial reforms strengthen peace and justice systems 546,16
Judicial reforms strengthen peace and justice systems 925,16
Judicial reforms strengthen peace and justice systems 11,16
Judicial reforms strengthen peace and justice systems 888,16
Judicial reforms strengthen peace and justice systems 951,16
Judicial reforms strengthen peace and justice systems 736,16
Judicial reforms strengthen peace and justice systems 205,16
Judicial reforms strengthen peace and justice systems 111,16
Judicial reforms strengthen peace and justice systems 744,16
Judicial reforms strengthen peace and justice systems 816,16
Judicial reforms strengthen peace and justice systems 380,16
Judicial reforms strengthen peace and justice systems 897,16
Judicial reforms strengthen peace and justice systems 151,16
Judicial reforms strengthen peace and justice systems 610,16
Judicial reforms strengthen peace and justice systems 315,16
Judicial reforms strengthen peace and justice systems 821,16
Judicial reforms strengthen peace and justice systems 748,16
Judicial reforms strengthen peace and justice systems 382,16
Judicial reforms strengthen peace and justice systems 138,16
Judicial reforms strengthen peace and justice systems 140,16
Judicial reforms strengthen peace and justice systems 957,16
Judicial reforms strengthen peace and justice systems 252,16
Judicial reforms strengthen peace and justice systems 901,16
Judicial reforms strengthen peace and justice systems 448,16
Judicial reforms strengthen peace and justice systems 709,16
Judicial reforms strengthen peace and justice systems 354,16
Judicial reforms strengthen peace and justice systems 194,16
Judicial reforms strengthen peace and justice systems 108,16
Judicial reforms strengthen peace and justice systems 262,16
Judicial reforms strengthen peace and justice systems 229,16
Judicial reforms strengthen peace and justice systems 204,16
Judicial reforms strengthen peace and justice systems 909,16
Judicial reforms strengthen peace and justice systems 163,16
Judicial reforms strengthen peace and justice systems 270,16
Judicial reforms strengthen peace and justice systems 982,16
Judicial reforms strengthen peace and justice systems 719,16
Judicial reforms strengthen peace and justice systems 591,16
Judicial reforms strengthen peace and justice systems 431,16
Judicial reforms strengthen peace and justice systems 101,16
Judicial reforms strengthen peace and justice systems 54,16
Judicial reforms strengthen peace and justice systems 315,16
Judicial reforms strengthen peace and justice systems 267,16
Judicial reforms strengthen peace and justice systems 229,16
Judicial reforms strengthen peace and justice systems 324,16
Judicial reforms strengthen peace and justice systems 19,16
Judicial reforms strengthen peace and justice systems 528,16
Judicial reforms strengthen peace and justice systems 277,16
Judicial reforms strengthen peace and justice systems 936,16
Judicial reforms strengthen peace and justice systems 438,16
Judicial reforms strengthen peace and justice systems 49,16
Judicial reforms strengthen peace and justice systems 262,16
Judicial reforms strengthen peace and justice systems 599,16
Judicial reforms strengthen peace and justice systems 666,16
Global partnerships formed to achieve sustainable goals 185,17
Global partnerships formed to achieve sustainable goals 276,17
Global partnerships formed to achieve sustainable goals 567,17
Global partnerships formed to achieve sustainable goals 642,17
Global partnerships formed to achieve sustainable goals 893,17
Global partnerships formed to achieve sustainable goals 887,17
Global partnerships formed to achieve sustainable goals 995,17
Global partnerships formed to achieve sustainable goals 276,17
Global partnerships formed to achieve sustainable goals 384,17
Global partnerships formed to achieve sustainable goals 16,17
Global partnerships formed to achieve sustainable goals 344,17
Global partnerships formed to achieve sustainable goals 431,17
Global partnerships formed to achieve sustainable goals 91,17
Global partnerships formed to achieve sustainable goals 269,17
Global partnerships formed to achieve sustainable goals 966,17
Global partnerships formed to achieve sustainable goals 143,17
Global partnerships formed to achieve sustainable goals 564,17
Global partnerships formed to achieve sustainable goals 518,17
Global partnerships formed to achieve sustainable goals 92,17
Global partnerships formed to achieve sustainable goals 252,17
Global partnerships formed to achieve sustainable goals 11,17
Global partnerships formed to achieve sustainable goals 160,17
Global partnerships formed to achieve sustainable goals 835,17
Global partnerships formed to achieve sustainable goals 598,17
Global partnerships formed to achieve sustainable goals 108,17
Global partnerships formed to achieve sustainable goals 487,17
Global partnerships formed to achieve sustainable goals 359,17
Global partnerships formed to achieve sustainable goals 721,17
Global partnerships formed to achieve sustainable goals 519,17
Global partnerships formed to achieve sustainable goals 19,17
Global partnerships formed to achieve sustainable goals 541,17
Global partnerships formed to achieve sustainable goals 256,17
Global partnerships formed to achieve sustainable goals 710,17
Global partnerships formed to achieve sustainable goals 54,17
Global partnerships formed to achieve sustainable goals 695,17
Global partnerships formed to achieve sustainable goals 114,17
Global partnerships formed to achieve sustainable goals 389,17
Global partnerships formed to achieve sustainable goals 967,17
Global partnerships formed to achieve sustainable goals 290,17
Global partnerships formed to achieve sustainable goals 44,17
Global partnerships formed to achieve sustainable goals 909,17
Global partnerships formed to achieve sustainable goals 788,17
Global partnerships formed to achieve sustainable goals 481,17
Global partnerships formed to achieve sustainable goals 878,17
Global partnerships formed to achieve sustainable goals 162,17
Global partnerships formed to achieve sustainable goals 37,17
Global partnerships formed to achieve sustainable goals 120,17
Global partnerships formed to achieve sustainable goals 28,17
Global partnerships formed to achieve sustainable goals 805,17
Global partnerships formed to achieve sustainable goals 159,17
Global partnerships formed to achieve sustainable goals 872,17
Global partnerships formed to achieve sustainable goals 911,17
Global partnerships formed to achieve sustainable goals 566,17
Global partnerships formed to achieve sustainable goals 866,17
Global partnerships formed to achieve sustainable goals 575,17
Global partnerships formed to achieve sustainable goals 683,17
Global partnerships formed to achieve sustainable goals 794,17
Global partnerships formed to achieve sustainable goals 260,17
Global partnerships formed to achieve sustainable goals 638,17
Global partnerships formed to achieve sustainable goals 806,17
Global partnerships formed to achieve sustainable goals 491,17
Global partnerships formed to achieve sustainable goals 995,17
Global partnerships formed to achieve sustainable goals 186,17
Global partnerships formed to achieve sustainable goals 822,17
Global partnerships formed to achieve sustainable goals 898,17
Global partnerships formed to achieve sustainable goals 410,17
Global partnerships formed to achieve sustainable goals 784,17
Global partnerships formed to achieve sustainable goals 404,17
Global partnerships formed to achieve sustainable goals 108,17
Global partnerships formed to achieve sustainable goals 424,17
Global partnerships formed to achieve sustainable goals 386,17
Global partnerships formed to achieve sustainable goals 817,17
Global partnerships formed to achieve sustainable goals 436,17
Global partnerships formed to achieve sustainable goals 72,17
Global partnerships formed to achieve sustainable goals 383,17
Global partnerships formed to achieve sustainable goals 278,17
Global partnerships formed to achieve sustainable goals 542,17
Global partnerships formed to achieve sustainable goals 289,17
Global partnerships formed to achieve sustainable goals 318,17
Global partnerships formed to achieve sustainable goals 270,17
